Date,Name,Year,Letterboxd URI
2021-02-12,The Platform,2019,https://boxd.it/mUm6
2021-02-12,The Devil All the Time,2020,https://boxd.it/i2tY
2021-02-12,BlacKkKlansman,2018,https://boxd.it/hxL8
2021-02-12,Deepwater Horizon,2016,https://boxd.it/9oiU
2021-02-12,My Cousin Vinny,1992,https://boxd.it/1WpO
2021-02-12,Searching,2018,https://boxd.it/hDPg
2021-02-12,Sorry to Bother You,2018,https://boxd.it/f21E
2021-02-12,Trading Places,1983,https://boxd.it/28sK
2021-02-12,American Murder: The Family Next Door,2020,https://boxd.it/rUk0
2021-02-12,Die Hard,1988,https://boxd.it/2a7u
2021-02-12,The Social Dilemma,2020,https://boxd.it/opQI
2021-02-12,Nacho Libre,2006,https://boxd.it/1YTG
2021-02-12,Knives Out,2019,https://boxd.it/jWEA
2021-02-12,Parasite,2019,https://boxd.it/hTha
2021-02-12,What Dreams May Come,1998,https://boxd.it/1SoM
2021-02-12,Extreme Job,2019,https://boxd.it/kOQg
2021-02-12,Jumanji: The Next Level,2019,https://boxd.it/ixu4
2021-02-12,Lady Bird,2017,https://boxd.it/dGNE
2021-02-12,The Shining,1980,https://boxd.it/29Nu
2021-02-12,Joker,2019,https://boxd.it/h4cS
2021-02-12,Eat Pray Love,2010,https://boxd.it/16Cc
2021-02-12,The Invisible Man,2020,https://boxd.it/kWlA
2021-02-12,5 Centimeters per Second,2007,https://boxd.it/16G4
2021-02-12,Your Name.,2016,https://boxd.it/cUqs
2021-02-12,Men in Black,1997,https://boxd.it/2a0I
2021-02-12,Ip Man 2,2010,https://boxd.it/18gs
2021-02-12,Ip Man,2008,https://boxd.it/1NrQ
2021-02-12,The Disaster Artist,2017,https://boxd.it/cTqc
2021-02-12,Harriet,2019,https://boxd.it/ijo2
2021-02-12,Once Upon a Time in China,1991,https://boxd.it/1VOy
2021-02-12,Gone Girl,2014,https://boxd.it/6hQu
2021-02-12,A Simple Favor,2018,https://boxd.it/hq92
2021-02-12,Late Night,2019,https://boxd.it/iZq0
2021-02-12,Gemini Man,2019,https://boxd.it/gaUu
2021-02-12,American Psycho,2000,https://boxd.it/28Vs
2021-02-12,Hustlers,2019,https://boxd.it/jIBM
2021-02-12,It Chapter Two,2019,https://boxd.it/h10u
2021-02-12,Aladdin,2019,https://boxd.it/eSjy
2021-02-12,Aladdin,1992,https://boxd.it/29yE
2021-02-12,Baby Driver,2017,https://boxd.it/bhF2
2021-02-12,Bring It On,2000,https://boxd.it/28x6
2021-02-12,It,2017,https://boxd.it/bC8e
2021-02-12,Christine,2016,https://boxd.it/bhFm
2021-02-12,Ready or Not,2019,https://boxd.it/kOf0
2021-02-12,Good Boys,2019,https://boxd.it/iW1G
2021-02-12,47 Meters Down: Uncaged,2019,https://boxd.it/hflG
2021-02-12,Scary Stories to Tell in the Dark,2019,https://boxd.it/eJTW
2021-02-12,Them That Follow,2019,https://boxd.it/hvwg
2021-02-12,Once Upon a Time… in Hollywood,2019,https://boxd.it/gH0O
2021-02-12,The Farewell,2019,https://boxd.it/kIky
2021-02-12,Jaws,1975,https://boxd.it/2a5e
2021-02-12,Crawl,2019,https://boxd.it/iwYi
2021-02-12,Midsommar,2019,https://boxd.it/jhxe
2021-02-12,Confession of Murder,2012,https://boxd.it/4uK6
2021-02-12,Bad Genius,2017,https://boxd.it/ggpM
2021-02-12,The Amazing Spider-Man,2012,https://boxd.it/27PI
2021-02-12,Spider-Man: Homecoming,2017,https://boxd.it/aboM
2021-02-12,Toy Story 4,2019,https://boxd.it/9ALu
2021-02-12,Child's Play,2019,https://boxd.it/jpX0
2021-02-12,The Secret Life of Pets,2016,https://boxd.it/aJ5E
2021-02-12,The Secret Life of Pets 2,2019,https://boxd.it/ewPM
2021-02-12,Rocketman,2019,https://boxd.it/iehK
2021-02-12,Ma,2019,https://boxd.it/i8Wi
2021-02-12,Godzilla: King of the Monsters,2019,https://boxd.it/cY7Y
2021-02-12,Jurassic World: Fallen Kingdom,2018,https://boxd.it/bOnU
2021-02-12,Zombieland,2009,https://boxd.it/1En6
2021-02-12,Rampant,2018,https://boxd.it/jzsc
2021-02-12,Big Hero 6,2014,https://boxd.it/5rje
2021-02-12,17 Again,2009,https://boxd.it/1Jnq
2021-02-12,Forrest Gump,1994,https://boxd.it/728
2021-02-12,Soul Mate,2016,https://boxd.it/eJXY
2021-02-12,Avengers: Endgame,2019,https://boxd.it/9vE4
2021-02-12,Jumanji,1995,https://boxd.it/1ZLI
2021-02-12,October Sky,1999,https://boxd.it/1Q7u
2021-02-12,The Party,1980,https://boxd.it/2aYy
2021-02-12,Us,2019,https://boxd.it/gnV6
2021-02-12,The Little Mermaid,1989,https://boxd.it/1WYO
2021-02-12,Green Book,2018,https://boxd.it/hErk
2021-02-12,Clueless,1995,https://boxd.it/1Ygk
2021-02-12,The Silence of the Lambs,1991,https://boxd.it/2aHW
2021-02-12,Ocean's Eight,2018,https://boxd.it/eaai
2021-02-12,The Social Network,2010,https://boxd.it/17ue
2021-02-12,Flipped,2010,https://boxd.it/Tb8
2021-02-12,Into the Wild,2007,https://boxd.it/22m2
2021-02-12,The Greatest Showman,2017,https://boxd.it/acjI
2021-02-12,Sausage Party,2016,https://boxd.it/6CCe
2021-02-12,A Quiet Place,2018,https://boxd.it/fVJQ
2021-02-12,Stand by Me,1986,https://boxd.it/2aOe
2021-02-12,Chungking Express,1994,https://boxd.it/1UDa
2021-02-12,The Sixth Sense,1999,https://boxd.it/29Js
2021-02-12,Little Miss Sunshine,2006,https://boxd.it/29EW
2021-02-12,Castaway on the Moon,2009,https://boxd.it/1GXU
2021-02-12,The Blair Witch Project,1999,https://boxd.it/26ua
2021-02-12,Interstellar,2014,https://boxd.it/4VZ8
2021-02-12,Slumdog Millionaire,2008,https://boxd.it/1S3E
2021-02-12,Billionaire Boys Club,2018,https://boxd.it/dqUY
2021-02-12,Uncut Gems,2019,https://boxd.it/gXGc
2021-02-12,On Your Wedding Day,2018,https://boxd.it/jnnu
2021-02-12,The Boss Baby,2017,https://boxd.it/9mfO
2021-02-12,The Beauty Inside,2015,https://boxd.it/bfC6
2021-02-12,Coco,2017,https://boxd.it/bYJQ
2021-02-12,A Beautiful Mind,2001,https://boxd.it/2amk
2021-02-12,Ralph Breaks the Internet,2018,https://boxd.it/edAy
2021-02-12,Wreck-It Ralph,2012,https://boxd.it/2TTS
2021-02-12,Moana,2016,https://boxd.it/8tfY
2021-02-12,Jumanji: Welcome to the Jungle,2017,https://boxd.it/bUeE
2021-02-12,Catch Me If You Can,2002,https://boxd.it/29VS
2021-02-12,The Talented Mr. Ripley,1999,https://boxd.it/2924
2021-02-12,Captain America: The First Avenger,2011,https://boxd.it/28b0
2021-02-12,Avengers: Infinity War,2018,https://boxd.it/9vEe
2021-02-12,Jobs,2013,https://boxd.it/3RcY
2021-02-12,A Tale of Two Sisters,2003,https://boxd.it/248m
2021-02-12,Crazy Rich Asians,2018,https://boxd.it/gfnK
2021-02-12,The Grand Budapest Hotel,2014,https://boxd.it/3ZqO
2021-02-12,The Devil Wears Prada,2006,https://boxd.it/2awE
2021-02-12,3 Idiots,2009,https://boxd.it/1Dsa
2021-02-12,Ferris Bueller's Day Off,1986,https://boxd.it/1YPY
2021-02-12,Moss,2010,https://boxd.it/GUk
2021-02-12,The Purge: Anarchy,2014,https://boxd.it/71zk
2021-02-12,Jurassic Park,1993,https://boxd.it/2aA2
2021-02-12,The Lost World: Jurassic Park,1997,https://boxd.it/2azS
2021-02-12,Jurassic Park III,2001,https://boxd.it/2azI
2021-02-12,Jurassic World,2015,https://boxd.it/4n0g
2021-02-12,Zootopia,2016,https://boxd.it/84xS
2021-02-12,The First Purge,2018,https://boxd.it/fJfk
2021-02-12,Hereditary,2018,https://boxd.it/hNVe
2021-02-12,The Wailing,2016,https://boxd.it/9fLy
2021-02-12,Black Panther,2018,https://boxd.it/8MHs
2021-02-12,No Strings Attached,2011,https://boxd.it/YUs
2021-02-12,The Big Short,2015,https://boxd.it/ajZw
2021-02-12,Murder on the Orient Express,2017,https://boxd.it/dHjA
2021-02-12,The Parent Trap,1998,https://boxd.it/1XJq
2021-02-12,The Breakfast Club,1985,https://boxd.it/27q4
2021-02-12,Pitch Perfect,2012,https://boxd.it/3OsE
2021-02-12,Pitch Perfect 2,2015,https://boxd.it/7tNa
2021-02-12,Peppermint Candy,1999,https://boxd.it/ZQc
2021-02-12,Harry Potter and the Half-Blood Prince,2009,https://boxd.it/29FU
2021-02-12,Harry Potter and the Prisoner of Azkaban,2004,https://boxd.it/29Qy
2021-02-12,Harry Potter and the Deathly Hallows: Part 1,2010,https://boxd.it/1RYu
2021-02-12,Harry Potter and the Order of the Phoenix,2007,https://boxd.it/29Qe
2021-02-12,Harry Potter and the Philosopher's Stone,2001,https://boxd.it/29QS
2021-02-12,Harry Potter and the Chamber of Secrets,2002,https://boxd.it/29QI
2021-02-12,Harry Potter and the Deathly Hallows: Part 2,2011,https://boxd.it/1RYk
2021-02-12,Harry Potter and the Goblet of Fire,2005,https://boxd.it/29Qo
2021-02-12,Fantastic Beasts and Where to Find Them,2016,https://boxd.it/7FPC
2021-02-12,A Dog's Purpose,2017,https://boxd.it/dgSI
2021-02-12,Despicable Me,2010,https://boxd.it/1DD8
2021-02-12,Despicable Me 2,2013,https://boxd.it/3gg0
2021-02-12,Saving Private Ryan,1998,https://boxd.it/29ro
2021-02-12,Good Will Hunting,1997,https://boxd.it/2ahY
2021-02-12,Mean Girls,2004,https://boxd.it/1VNg
2021-02-12,Inside Out,2015,https://boxd.it/4KHC
2021-02-12,The Internship,2013,https://boxd.it/3SWS
2021-02-12,21,2008,https://boxd.it/20BO
2021-02-12,Now You See Me,2013,https://boxd.it/2Bsu
2021-02-12,Rise of the Planet of the Apes,2011,https://boxd.it/cS4
2021-02-12,The Blind Side,2009,https://boxd.it/1zWg
2021-02-12,Superbad,2007,https://boxd.it/20hO
2021-02-12,Sing,2016,https://boxd.it/b5EQ
2021-02-12,Wonder Woman,2017,https://boxd.it/9roG
2021-02-12,So Young,2013,https://boxd.it/5Ms2
2021-02-12,La La Land,2016,https://boxd.it/a5fa
2021-02-12,Boyz n the Hood,1991,https://boxd.it/29Ug
2021-02-12,Beauty and the Beast,2017,https://boxd.it/ar0c
2021-02-12,Silence,2016,https://boxd.it/2cAo
2021-02-12,Train to Busan,2016,https://boxd.it/dSQU
2021-02-12,The Hangover,2009,https://boxd.it/1GjK
2021-02-12,The Hangover Part II,2011,https://boxd.it/PZI
2021-02-12,The Hangover Part III,2013,https://boxd.it/3GNY
2021-02-12,Bridesmaids,2011,https://boxd.it/rac
2021-02-12,The Danish Girl,2015,https://boxd.it/9Ohy
2021-02-12,The Imitation Game,2014,https://boxd.it/6aig
2021-02-12,The Intouchables,2011,https://boxd.it/2FT0
2021-02-12,A Million Ways to Die in the West,2014,https://boxd.it/5H9k
2021-02-12,Goodbye Mr. Loser,2015,https://boxd.it/couW
2021-02-12,Paper Towns,2015,https://boxd.it/8T5g
2021-02-12,The Way Way Back,2013,https://boxd.it/4Gwq
2021-02-12,Stuck in Love,2012,https://boxd.it/3L08
2021-02-12,The Bling Ring,2013,https://boxd.it/3lPY
2021-02-12,Sunny,2011,https://boxd.it/2FoG
2021-02-12,Spy,2015,https://boxd.it/71Ks
2021-02-12,Pompeii,2014,https://boxd.it/2E8W
2021-02-12,No Breathing,2013,https://boxd.it/6Nug
2021-02-12,Miss Granny,2014,https://boxd.it/7qbi
2021-02-12,Life of Pi,2012,https://boxd.it/37pC
2021-02-12,The Left Ear,2015,https://boxd.it/b3Nm
2021-02-12,Hwayi: A Monster Boy,2013,https://boxd.it/6oZI
2021-02-12,Her,2013,https://boxd.it/4O24
2021-02-12,Architecture 101,2012,https://boxd.it/3CUG
2021-02-12,Dead Poets Society,1989,https://boxd.it/2aSg
2021-02-12,Back to the Future,1985,https://boxd.it/2b8e
2021-02-12,Back to the Future Part II,1989,https://boxd.it/2aYI
2021-02-12,Back to the Future Part III,1990,https://boxd.it/2aTS
2021-02-12,Battle Royale,2000,https://boxd.it/25zS
2021-02-12,Silenced,2011,https://boxd.it/2QGG
2021-02-12,Eternal Sunshine of the Spotless Mind,2004,https://boxd.it/6YK
2021-02-12,Infernal Affairs,2002,https://boxd.it/1Vqw
2021-02-12,The Truman Show,1998,https://boxd.it/18U8
2021-02-12,Spirited Away,2001,https://boxd.it/2b4m
2021-02-12,Castle in the Sky,1986,https://boxd.it/1W4G
2021-02-12,The Martian,2015,https://boxd.it/8SeG
2021-02-12,Finding Dory,2016,https://boxd.it/4aAA
2021-02-12,The Art of Getting By,2011,https://boxd.it/KC
2021-02-12,Easy A,2010,https://boxd.it/17DK
2021-02-12,Deadpool,2016,https://boxd.it/9fOC
2021-02-12,Memories of Murder,2003,https://boxd.it/1TSo
2021-02-12,Finding Mr. Right,2013,https://boxd.it/5Hnm
2021-02-12,Frozen,2013,https://boxd.it/3GNa
2021-02-12,Gone with the Wind,1939,https://boxd.it/29Fq
2021-02-12,The Theory of Everything,2014,https://boxd.it/7YtA
2021-02-12,Z  Storm,2014,https://boxd.it/8suS
2021-02-12,A Werewolf Boy,2012,https://boxd.it/4c2A
2021-02-12,(500) Days of Summer,2009,https://boxd.it/1EmM
2021-02-12,The Kings of Summer,2013,https://boxd.it/4V3e
2021-02-12,Think Like a Man,2012,https://boxd.it/2ffo
2021-02-12,The Kids Are All Right,2010,https://boxd.it/13f0
2021-02-12,Call Me by Your Name,2017,https://boxd.it/dYmm
2021-02-12,Kung Fu Panda,2008,https://boxd.it/1Yws
2021-02-12,21 Jump Street,2012,https://boxd.it/J0
2021-02-12,22 Jump Street,2014,https://boxd.it/5Fvy
2021-02-12,Percy Jackson & the Olympians: The Lightning Thief,2010,https://boxd.it/1gJi
2021-02-12,Percy Jackson: Sea of Monsters,2013,https://boxd.it/2D8m
2021-02-12,Ri¢hie Ri¢h,1994,https://boxd.it/1URw
2021-02-12,The Fault in Our Stars,2014,https://boxd.it/6BQa
2021-02-12,The Wolf of Wall Street,2013,https://boxd.it/3C1m
2021-02-12,The Spectacular Now,2013,https://boxd.it/4VSG
2021-02-12,Thor,2011,https://boxd.it/1WQU
2021-02-12,The Lorax,2012,https://boxd.it/2w9M
2021-02-12,Titanic,1997,https://boxd.it/2a2k
2021-02-12,Ratatouille,2007,https://boxd.it/27ww
2021-02-12,The Perks of Being a Wallflower,2012,https://boxd.it/2ZA8
2021-02-12,Oldboy,2003,https://boxd.it/29R2
2021-02-12,The Great Gatsby,2013,https://boxd.it/JY
2021-02-12,The Polar Express,2004,https://boxd.it/23am
2021-02-12,The Notebook,2004,https://boxd.it/1UNE
2021-02-12,12 Years a Slave,2013,https://boxd.it/2D2e
2021-02-12,Shrek,2001,https://boxd.it/29zi
2021-02-12,Cars,2006,https://boxd.it/29ho
2021-02-12,2012,2009,https://boxd.it/1OE2
2021-02-12,Scott Pilgrim vs. the World,2010,https://boxd.it/1Aq6
2021-02-12,Lost in Translation,2003,https://boxd.it/2b0E
2021-02-12,Holes,2003,https://boxd.it/20mE
2021-02-12,Hidden Figures,2016,https://boxd.it/dgS4
2021-02-12,Get Out,2017,https://boxd.it/eOCm
2021-02-12,Jojo Rabbit,2019,https://boxd.it/iEBG
2021-02-12,In the Mood for Love,2000,https://boxd.it/29tE
2021-02-12,Finding Nemo,2003,https://boxd.it/72i
2021-02-12,Ponyo,2008,https://boxd.it/1S0A
2021-02-12,"Crazy, Stupid, Love.",2011,https://boxd.it/D9A
2021-02-12,Blue Valentine,2010,https://boxd.it/MxG
2021-02-12,Panic Room,2002,https://boxd.it/2490
2021-02-12,The Help,2011,https://boxd.it/EDm
2021-02-13,Saving Face,2004,https://boxd.it/1Fj0
2021-02-14,Annihilation,2018,https://boxd.it/9yzm
2021-02-14,The Half of It,2020,https://boxd.it/m0T4
2021-02-15,Pee Mak,2013,https://boxd.it/5AUI
2021-03-01,Late Autumn,2010,https://boxd.it/3cxm
2021-03-25,3-Iron,2004,https://boxd.it/28WK
2021-03-25,It's Kind of a Funny Story,2010,https://boxd.it/Tfa
2021-03-25,A Moment to Remember,2004,https://boxd.it/1LmO
2021-03-25,Kung Fu Hustle,2004,https://boxd.it/1YBi
2021-03-25,"The Good, The Bad, The Weird",2008,https://boxd.it/1MSG
2021-03-29,Los Sures,1984,https://boxd.it/4nhc
2021-03-29,Vice,2018,https://boxd.it/fcFY
2021-03-29,American Animals,2018,https://boxd.it/hE4K
2021-03-29,The Lobster,2015,https://boxd.it/7tnw
2021-03-31,Palm Springs,2020,https://boxd.it/lCXQ
2021-03-31,Coming to America,1988,https://boxd.it/1Ygu
2021-04-01,O.J.: Made in America,2016,https://boxd.it/d7zi
2021-04-02,"I, Tonya",2017,https://boxd.it/dzR0
2021-04-03,Shoplifters,2018,https://boxd.it/ifY6
2021-04-03,Up,2009,https://boxd.it/1OEc
2021-04-04,Eighth Grade,2018,https://boxd.it/hDMG
2021-04-05,Booksmart,2019,https://boxd.it/igNS
2021-04-07,Portrait of a Lady on Fire,2019,https://boxd.it/jkPq
2021-04-08,The Miseducation of Cameron Post,2018,https://boxd.it/f6B2
2021-04-08,Always,2011,https://boxd.it/32UU
2021-04-08,47 Meters Down,2017,https://boxd.it/eaq6
2021-04-08,Short Term 12,2013,https://boxd.it/5f6s
2021-04-09,Starstruck,2010,https://boxd.it/1cjq
2021-04-09,Bee Movie,2007,https://boxd.it/22Vw
2021-04-09,Water Lilies,2007,https://boxd.it/1VjK
2021-04-10,Minari,2020,https://boxd.it/mL9M
2021-04-10,Masquerade,2012,https://boxd.it/4jII
2021-04-10,Ode To My Father,2014,https://boxd.it/a4Bu
2021-04-10,Our Times,2015,https://boxd.it/bVeq
2021-04-10,The Pursuit of Happyness,2006,https://boxd.it/28PE
2021-04-10,Secret,2007,https://boxd.it/1DEq
2021-04-10,Weathering with You,2019,https://boxd.it/kPxE
2021-04-11,WeWork: or The Making and Breaking of a $47 Billion Unicorn,2021,https://boxd.it/tVqi
2021-04-12,Marriage Story,2019,https://boxd.it/hJAw
2021-04-14,Rain Man,1988,https://boxd.it/2avw
2021-04-14,Legally Blonde,2001,https://boxd.it/1ZNa
2021-04-14,Romeo + Juliet,1996,https://boxd.it/2ama
2021-04-14,A Cinderella Story,2004,https://boxd.it/1UgU
2021-04-14,The Princess Diaries,2001,https://boxd.it/1XCO
2021-04-14,Friends with Benefits,2011,https://boxd.it/DoK
2021-04-14,High School Musical 2,2007,https://boxd.it/1PIu
2021-04-14,Ella Enchanted,2004,https://boxd.it/1O5G
2021-04-14,Monte Carlo,2011,https://boxd.it/hqk
2021-04-14,Freaky Friday,2003,https://boxd.it/1WwK
2021-04-14,The Cheetah Girls,2003,https://boxd.it/1hkS
2021-04-14,Princess Protection Program,2009,https://boxd.it/1F5s
2021-04-14,Camp Rock,2008,https://boxd.it/1PHw
2021-04-14,Camp Rock 2: The Final Jam,2010,https://boxd.it/Sru
2021-04-14,The Princess Diaries 2: Royal Engagement,2004,https://boxd.it/1UyY
2021-04-14,High School Musical,2006,https://boxd.it/1V0y
2021-04-14,Girls Trip,2017,https://boxd.it/eL4G
2021-04-14,Bridget Jones's Diary,2001,https://boxd.it/29WQ
2021-04-14,Hannah Montana: The Movie,2009,https://boxd.it/1Hx4
2021-04-14,Ice Princess,2005,https://boxd.it/1QjA
2021-04-14,My Best Friend's Wedding,1997,https://boxd.it/1ZHm
2021-04-17,Moonlight,2016,https://boxd.it/d6bE
2021-04-17,Shiva Baby,2020,https://boxd.it/oIv0
2021-04-18,The Man from Nowhere,2010,https://boxd.it/AZy
2021-04-18,Carol,2015,https://boxd.it/7DPK
2021-04-18,Tomboy,2011,https://boxd.it/49U
2021-04-20,The Witch,2015,https://boxd.it/9X0m
2021-04-28,Napoleon Dynamite,2004,https://boxd.it/20wu
2021-05-01,Hillbilly Elegy,2020,https://boxd.it/lQmY
2021-05-01,Disobedience,2017,https://boxd.it/ePFG
2021-05-01,Fifty Shades of Grey,2015,https://boxd.it/6qLo
2021-05-01,Knock Down the House,2019,https://boxd.it/kIss
2021-05-06,Bohemian Rhapsody,2018,https://boxd.it/f1TK
2021-05-09,You Are the Apple of My Eye,2011,https://boxd.it/2XuC
2021-05-09,The King's Speech,2010,https://boxd.it/dX0
2021-05-09,Force Majeure,2014,https://boxd.it/7UcA
2021-05-09,Mulholland Drive,2001,https://boxd.it/297o
2021-05-09,Lovesong,2016,https://boxd.it/cSSY
2021-05-10,American Honey,2016,https://boxd.it/bk7C
2021-05-10,The Curious Case of Benjamin Button,2008,https://boxd.it/23Fk
2021-05-10,Soul,2020,https://boxd.it/ioLA
2021-05-10,Always Be My Maybe,2019,https://boxd.it/iB2y
2021-05-12,The Incredibles,2004,https://boxd.it/1XLm
2021-05-13,Incredibles 2,2018,https://boxd.it/7IPg
2021-05-13,Bird Box,2018,https://boxd.it/eh1i
2021-05-13,But I'm a Cheerleader,1999,https://boxd.it/1CW4
2021-05-13,Idiocracy,2006,https://boxd.it/20RW
2021-05-13,Matilda,1996,https://boxd.it/1VhY
2021-05-14,Brokeback Mountain,2005,https://boxd.it/2b2q
2021-05-15,The Killing of a Sacred Deer,2017,https://boxd.it/dZ5G
2021-05-15,Girlhood,2014,https://boxd.it/7WyI
2021-05-15,13th,2016,https://boxd.it/elNg
2021-05-16,The Clovehitch Killer,2018,https://boxd.it/jRjM
2021-05-16,The Woman in the Window,2021,https://boxd.it/iT56
2021-05-16,I Don't Feel at Home in This World Anymore,2017,https://boxd.it/f42u
2021-05-28,Your Name Engraved Herein,2020,https://boxd.it/qWwA
2021-05-28,WALL·E,2008,https://boxd.it/1VEo
2021-06-02,Ford v Ferrari,2019,https://boxd.it/ce74
2021-06-05,The Virgin Suicides,1999,https://boxd.it/28JG
2021-06-10,The Ring,2002,https://boxd.it/2a70
2021-06-12,Aquaman,2018,https://boxd.it/9ru0
2021-06-21,"Kim Ji-young, Born 1982",2019,https://boxd.it/lyGw
2021-06-22,Don't F**k with Cats: Hunting an Internet Killer,2019,https://boxd.it/oqjq
2021-07-05,The Watermelon Woman,1996,https://boxd.it/RRc
2021-07-09,The Cabin in the Woods,2011,https://boxd.it/1zOc
2021-07-10,Snowpiercer,2013,https://boxd.it/3Icg
2021-07-11,Love Letter,1995,https://boxd.it/LMA
2021-07-11,10 Cloverfield Lane,2016,https://boxd.it/aZiu
2021-07-11,Along with the Gods: The Two Worlds,2017,https://boxd.it/dVlA
2021-07-12,Along with the Gods: The Last 49 Days,2018,https://boxd.it/iMGu
2021-07-14,Shutter,2004,https://boxd.it/1JbY
2021-07-20,It Comes at Night,2017,https://boxd.it/eLuk
2021-07-21,The Handmaiden,2016,https://boxd.it/948A
2021-07-21,The Lion King,1994,https://boxd.it/201Q
2021-07-21,Metropolis,1927,https://boxd.it/71a
2021-07-21,Inception,2010,https://boxd.it/1skk
2021-07-22,Wild,2014,https://boxd.it/6KQo
2021-07-23,The Thieves,2012,https://boxd.it/45qg
2021-07-23,Toy Story,1995,https://boxd.it/29qA
2021-07-23,Twilight,2008,https://boxd.it/1Zui
2021-07-23,The Twilight Saga: New Moon,2009,https://boxd.it/1Hj2
2021-07-23,The Twilight Saga: Breaking Dawn - Part 2,2012,https://boxd.it/DdC
2021-07-23,The Twilight Saga: Eclipse,2010,https://boxd.it/1ytW
2021-07-23,The Twilight Saga: Breaking Dawn - Part 1,2011,https://boxd.it/DdM
2021-07-27,A Quiet Place Part II,2020,https://boxd.it/iTx0
2021-07-28,EXIT,2019,https://boxd.it/l07i
2021-07-28,Office Space,1999,https://boxd.it/28Em
2021-07-31,Saint Maud,2019,https://boxd.it/l8QA
2021-07-31,Save the Green Planet!,2003,https://boxd.it/1Uco
2021-08-06,Norwegian Wood,2010,https://boxd.it/m4S
2021-08-08,Promising Young Woman,2020,https://boxd.it/loRE
2021-08-11,Sonic the Hedgehog,2020,https://boxd.it/gdK8
2021-08-13,Ringu,1998,https://boxd.it/26tw
2021-09-04,The Florida Project,2017,https://boxd.it/dMG0
2021-09-07,Cruella,2021,https://boxd.it/bbKg
2021-09-10,Ghost Rider,2007,https://boxd.it/290M
2021-09-12,Bad Teacher,2011,https://boxd.it/yXA
2021-09-12,Alvin and the Chipmunks,2007,https://boxd.it/21E0
2021-09-12,Avatar,2009,https://boxd.it/1Efm
2021-09-12,Charlie and the Chocolate Factory,2005,https://boxd.it/2b68
2021-09-13,The Queen's Gambit,2020,https://boxd.it/s1Ym
2021-09-27,Black Swan,2010,https://boxd.it/Sw0
2021-10-02,Miracle in Cell No. 7,2013,https://boxd.it/4Xws
2021-10-03,Mrs. Doubtfire,1993,https://boxd.it/29Cw
2021-10-04,Squid Game,2021,https://boxd.it/x1OG
2021-10-05,High School Musical 3: Senior Year,2008,https://boxd.it/1SR0
2021-10-05,Julie & Julia,2009,https://boxd.it/1wXg
2021-10-05,Happiest Season,2020,https://boxd.it/iS3I
2021-10-05,Green Room,2015,https://boxd.it/a75m
2021-10-07,Eyes Wide Shut,1999,https://boxd.it/2axs
2021-10-09,Happy Together,1997,https://boxd.it/1Ha0
2021-10-09,Malignant,2021,https://boxd.it/mViE
2021-10-16,Game Night,2018,https://boxd.it/fRtu
2021-10-16,200 Pounds Beauty,2006,https://boxd.it/1H5O
2021-10-16,Clue,1985,https://boxd.it/1MDQ
2021-10-16,Five Steps to Accept Farewell,2016,https://boxd.it/g2t6
2021-10-16,Moon-young,2015,https://boxd.it/eYlU
2021-10-17,Summerland,2020,https://boxd.it/j1S6
2021-10-17,"I'm a Cyborg, But That's OK",2006,https://boxd.it/2328
2021-10-17,Home Alone,1990,https://boxd.it/29Fg
2021-10-17,The Hunger Games,2012,https://boxd.it/2uds
2021-10-17,The Princess and the Frog,2009,https://boxd.it/1WQq
2021-10-17,The Karate Kid,2010,https://boxd.it/15HA
2021-10-18,The Room,2003,https://boxd.it/1ICY
2021-10-18,Dear Evan Hansen,2021,https://boxd.it/kOP8
2021-10-18,Cruel Intentions,1999,https://boxd.it/29Be
2021-10-18,Rent,2005,https://boxd.it/2844
2021-10-19,Novitiate,2017,https://boxd.it/ewpa
2021-10-20,Imagine Me & You,2005,https://boxd.it/28E2
2021-10-21,Black Mirror: San Junipero,2016,https://boxd.it/h634
2021-10-22,Halloween,1978,https://boxd.it/2wRu
2021-10-22,I Know What You Did Last Summer,1997,https://boxd.it/2588
2021-10-24,Hocus Pocus,1993,https://boxd.it/1Wgi
2021-10-24,What's Eating Gilbert Grape,1993,https://boxd.it/28xg
2021-10-24,I Want to Eat Your Pancreas,2018,https://boxd.it/ie6C
2021-10-25,"Paris, 13th District",2021,https://boxd.it/s0Ky
2021-10-25,Drive My Car,2021,https://boxd.it/sv94
2021-10-26,A Silent Voice,2016,https://boxd.it/d99c
2021-11-06,Jennifer's Body,2009,https://boxd.it/1Efw
2021-11-06,Fight Club,1999,https://boxd.it/2a9q
2021-11-06,The Rocky Horror Picture Show,1975,https://boxd.it/1a3q
2021-11-07,His House,2020,https://boxd.it/l8Qq
2021-11-14,Birds of Paradise,2021,https://boxd.it/oSlO
2021-11-21,The People Under the Stairs,1991,https://boxd.it/1QMC
2021-11-21,Last Night in Soho,2021,https://boxd.it/lbJC
2021-12-01,Alice in Wonderland,2010,https://boxd.it/1Spq
2021-12-01,Spencer,2021,https://boxd.it/qPMG
2021-12-01,Borat: Cultural Learnings of America for Make Benefit Glorious Nation of Kazakhstan,2006,https://boxd.it/2agQ
2021-12-03,Benedetta,2021,https://boxd.it/gdNQ
2021-12-04,A League of Their Own,1992,https://boxd.it/1UdG
2021-12-05,The Eyes of Tammy Faye,2021,https://boxd.it/mbB6
2021-12-05,The Matrix,1999,https://boxd.it/2a1m
2021-12-05,Happy Old Year,2019,https://boxd.it/nglu
2021-12-05,Dear Ex,2018,https://boxd.it/j1XK
2021-12-06,I Care a Lot,2020,https://boxd.it/mcHk
2021-12-07,Pride & Prejudice,2005,https://boxd.it/24u8
2021-12-07,Atonement,2007,https://boxd.it/24ui
2021-12-08,Unfaithful,2002,https://boxd.it/275A
2021-12-08,Smallfoot,2018,https://boxd.it/fUCE
2021-12-08,Scream,1996,https://boxd.it/24EC
2021-12-09,Thoroughbreds,2017,https://boxd.it/dVHQ
2021-12-09,Halloweentown,1998,https://boxd.it/1qPq
2021-12-09,Dreamgirls,2006,https://boxd.it/293m
2021-12-10,Ju-on: The Grudge,2002,https://boxd.it/1SY6
2021-12-12,Titane,2021,https://boxd.it/nlQC
2021-12-12,Borat Subsequent Moviefilm,2020,https://boxd.it/rNS0
2021-12-12,Begin Again,2013,https://boxd.it/5Ybs
2021-12-13,Drop Dead Gorgeous,1999,https://boxd.it/1W8e
2021-12-14,The Edge of Seventeen,2016,https://boxd.it/d5nu
2021-12-14,Pan's Labyrinth,2006,https://boxd.it/28No
2021-12-18,The Conjuring,2013,https://boxd.it/4sr2
2021-12-18,The Conjuring 2,2016,https://boxd.it/7GJg
2021-12-19,Perfect Blue,1997,https://boxd.it/1W7A
2022-01-03,Never Let Me Go,2010,https://boxd.it/Xw0
2022-01-06,Chicago,2002,https://boxd.it/28zm
2022-01-07,A Walk to Remember,2002,https://boxd.it/1WLq
2022-01-07,Bend It Like Beckham,2002,https://boxd.it/2am0
2022-01-07,Thelma & Louise,1991,https://boxd.it/28Ew
2022-01-08,The Worst Person in the World,2021,https://boxd.it/oyws
2022-01-10,The Lost Daughter,2021,https://boxd.it/kgww
2022-01-10,"tick, tick...BOOM!",2021,https://boxd.it/jz2e
2022-01-10,Kajillionaire,2020,https://boxd.it/jJDY
2022-01-17,One Cut of the Dead,2017,https://boxd.it/iAFu
2022-01-18,13 Going on 30,2004,https://boxd.it/1X6e
2022-01-22,Spider-Man: No Way Home,2021,https://boxd.it/nwRw
2022-01-24,Annabelle: Creation,2017,https://boxd.it/dSxe
2022-01-24,Spider-Man 2,2004,https://boxd.it/2a88
2022-01-24,Spider-Man,2002,https://boxd.it/2a8i
2022-01-24,Spider-Man 3,2007,https://boxd.it/2a7Y
2022-01-31,The Witch: Part 1. The Subversion,2018,https://boxd.it/jhIm
2022-01-31,Love 911,2012,https://boxd.it/4EXO
2022-01-31,Scandal Makers,2008,https://boxd.it/1H4Q
2022-02-01,Okja,2017,https://boxd.it/dvXe
2022-02-06,Zodiac,2007,https://boxd.it/27MO
2022-02-12,Love and Leashes,2022,https://boxd.it/szB2
2022-02-15,Little Forest,2018,https://boxd.it/fYHI
2022-02-19,Ali Wong: Don Wong,2022,https://boxd.it/zbWY
2022-02-19,Bo Burnham: Inside,2021,https://boxd.it/v2uy
2022-02-20,Little Women,2019,https://boxd.it/aSVk
2022-02-20,Higher Learning,1995,https://boxd.it/1Kps
2022-02-20,Appropriate Behavior,2014,https://boxd.it/7k4U
2022-02-24,The Tinder Swindler,2022,https://boxd.it/yMLw
2022-02-26,Colette,2018,https://boxd.it/gdM4
2022-02-26,Whiplash,2014,https://boxd.it/7bQA
2022-02-27,Scream 2,1997,https://boxd.it/24Es
2022-02-27,Memento Mori,1999,https://boxd.it/v2c
2022-02-27,When Harry Met Sally...,1989,https://boxd.it/29W2
2022-03-06,Notting Hill,1999,https://boxd.it/2aeK
2022-03-08,Fresh,2022,https://boxd.it/tCNi
2022-03-08,Because This Is My First Life,2017,https://boxd.it/ulrG
2022-03-09,Scream,2022,https://boxd.it/o0lg
2022-03-10,"Love, Simon",2018,https://boxd.it/g02s
2022-03-13,The Weekend Away,2022,https://boxd.it/vHXw
2022-03-15,Don't Look Up,2021,https://boxd.it/o0Hc
2022-03-15,Ingrid Goes West,2017,https://boxd.it/evUQ
2022-03-18,Turning Red,2022,https://boxd.it/ipkq
2022-03-18,Nomadland,2020,https://boxd.it/lnRy
2022-03-23,Normal People,2020,https://boxd.it/q2VY
2022-03-25,West Side Story,2021,https://boxd.it/iwt0
2022-03-25,Halloween Kills,2021,https://boxd.it/mxzG
2022-03-25,Kiki's Delivery Service,1989,https://boxd.it/1JAY
2022-03-26,The French Dispatch,2021,https://boxd.it/jLP8
2022-03-28,Licorice Pizza,2021,https://boxd.it/qTKY
2022-03-28,Halloween,2018,https://boxd.it/f0uE
2022-03-29,Juno,2007,https://boxd.it/210a
2022-03-31,Death on the Nile,2022,https://boxd.it/ifpg
2022-04-12,Old,2021,https://boxd.it/npKI
2022-04-15,Lamb,2021,https://boxd.it/tFwE
2022-04-16,Welcome to the Dollhouse,1995,https://boxd.it/1TPO
2022-04-17,When Marnie Was There,2014,https://boxd.it/78pm
2022-04-18,Moonrise Kingdom,2012,https://boxd.it/2Wng
2022-04-20,White Hot: The Rise & Fall of Abercrombie & Fitch,2022,https://boxd.it/zZ8O
2022-04-22,Moon,2009,https://boxd.it/1IGQ
2022-04-24,X,2022,https://boxd.it/sxVa
2022-04-24,Secretary,2002,https://boxd.it/1URc
2022-05-06,The Other Guys,2010,https://boxd.it/1rtq
2022-05-10,Crush,2022,https://boxd.it/wuHW
2022-05-14,D.E.B.S.,2004,https://boxd.it/2aaS
2022-05-14,Show Me Love,1998,https://boxd.it/1TmW
2022-05-14,The Fallout,2021,https://boxd.it/tViI
2022-05-17,Ex Machina,2015,https://boxd.it/7T2k
2022-05-18,Burning,2018,https://boxd.it/hHUa
2022-05-18,Upgrade,2018,https://boxd.it/i4gW
2022-05-18,10 Things I Hate About You,1999,https://boxd.it/23AO
2022-05-20,Plan B,2021,https://boxd.it/rUMy
2022-05-20,Tangled,2010,https://boxd.it/15gO
2022-05-28,Go-Go Sisters,2018,https://boxd.it/iOCa
2022-06-02,Cyber Hell: Exposing an Internet Horror,2022,https://boxd.it/ArQk
2022-06-06,Colossal,2016,https://boxd.it/biZi
2022-06-10,Last Life in the Universe,2003,https://boxd.it/1Tri
2022-06-11,Doctor Strange,2016,https://boxd.it/8MH8
2022-06-13,Eurovision Song Contest: The Story of Fire Saga,2020,https://boxd.it/jkMG
2022-06-16,No Exit,2022,https://boxd.it/vqvK
2022-06-17,Moonlit Winter,2019,https://boxd.it/lfnK
2022-06-21,CODA,2021,https://boxd.it/tbf4
2022-06-26,Murder Mystery,2019,https://boxd.it/iEBm
2022-06-27,The Way Home,2002,https://boxd.it/1fQW
2022-06-27,Sweet & Sour,2021,https://boxd.it/oDTG
2022-06-27,Professor Marston and the Wonder Women,2017,https://boxd.it/eRPS
2022-06-27,Zola,2020,https://boxd.it/jEWQ
2022-06-30,You Can Live Forever,2022,https://boxd.it/xvlk
2022-07-01,Cha Cha Real Smooth,2022,https://boxd.it/uF8E
2022-07-02,Uptown Girls,2003,https://boxd.it/1N64
2022-07-03,Cube,1997,https://boxd.it/2aoU
